{
  "name": "bootstrap",
  "description": "The most popular front-end framework for developing responsive, mobile first projects on the web.",
  "keywords": [
    "css",
    "js",
    "sass",
    "mobile-first",
    "responsive",
    "front-end",
    "framework",
    "web"
  ],
  "homepage": "https://getbootstrap.com",
  "license": "MIT",
  "moduleType": "globals",
  "main": [
    "scss/bootstrap.scss",
    "dist/js/bootstrap.js"
  ],
  "ignore": [
    "/.*",
    "_config.yml",
    "CNAME",
    "composer.json",
    "CONTRIBUTING.md",
    "docs",
    "js/tests",
    "test-infra"
  ],
  "dependencies": {
    "jquery": "1.9.1 - 3",
    "tether": "^1.3.7"
  },
  "version": "4.0.0-alpha.5",
  "_release": "4.0.0-alpha.5",
  "_resolution": {
    "type": "version",
    "tag": "v4.0.0-alpha.5",
    "commit": "b5890e0608ad2262cde4a38e90afa19f1cb5d852"
  },
  "_source": "https://github.com/twbs/bootstrap.git",
  "_target": "~4.0.0-alpha.5",
  "_originalSource": "bootstrap"
}